"ID","Gemeinde_color","Ja_Stimmen_In_Prozent","Nein_Stimmen_In_Prozent","Gemeinde_de","Text_de"
5401,51.2,51.2,48.8,"Aigle VD",
5402,27.9,27.9,72.1,"Bex VD",
5403,60.4,60.4,39.6,"Chessel VD",
5404,46,46,54,"Corbeyrier VD",
5405,21,21,79,"Gryon VD",
5406,41.5,41.5,58.5,"Lavey-Morcles VD",
5407,66.2,66.2,33.8,"Leysin VD",
5408,38.6,38.6,61.4,"Noville VD",
5409,74.4,74.4,25.6,"Ollon VD",
5410,44.3,44.3,55.7,"Ormont-Dessous VD",
5411,36.5,36.5,63.5,"Ormont-Dessus VD",
5412,96.2,96.2,3.8,"Rennaz VD",
5413,47,47,53,"Roche VD",
5414,53.8,53.8,46.2,"Villeneuve VD",
5415,81.4,81.4,18.6,"Yvorne VD",
5422,31.8,31.8,68.2,"Aubonne VD",
5423,61.8,61.8,38.2,"Ballens VD",
5424,32.2,32.2,67.8,"Berolle VD",
5425,39.1,39.1,60.9,"Bière VD",
5426,57.8,57.8,42.2,"Bougy-Villars VD",
5427,74.9,74.9,25.1,"Féchy VD",
5428,67.2,67.2,32.8,"Gimel VD",
5429,4.2,4.2,95.8,"Longirod VD",
5430,25.6,25.6,74.4,"Marchissy VD",
5431,11.7,11.7,88.3,"Mollens VD",
5434,11.7,11.7,88.3,"Saint-George VD",
5435,22.1,22.1,77.9,"Saint-Livres VD",
5436,84.5,84.5,15.5,"Saint-Oyens VD",
5437,5.6,5.6,94.4,"Saubraz VD",
5451,98.4,98.4,1.6,"Avenches VD",
5456,32.2,32.2,67.8,"Cudrefin VD",
5458,68.5,68.5,31.5,"Faoug VD",
5464,46.8,46.8,53.2,"Vully-les-Lacs VD",
5471,60.3,60.3,39.7,"Bettens VD",
5472,45.9,45.9,54.1,"Bournens VD",
5473,32.6,32.6,67.4,"Boussens VD",
5474,16,16,84,"La Chaux (Cossonay) VD",
5475,38.5,38.5,61.5,"Chavannes-le-Veyron VD",
5476,23.4,23.4,76.6,"Chevilly VD",
5477,30.8,30.8,69.2,"Cossonay VD",
5479,24.2,24.2,75.8,"Cuarnens VD",
5480,76,76,24,"Daillens VD",
5481,74.2,74.2,25.8,"Dizy VD",
5482,40.3,40.3,59.7,"Eclépens VD",
5483,74,74,26,"Ferreyres VD",
5484,98,98,2,"Gollion VD",
5485,60.9,60.9,39.1,"Grancy VD",
5486,90.6,90.6,9.4,"L'Isle VD",
5487,71.2,71.2,28.8,"Lussery-Villars VD",
5488,32.8,32.8,67.2,"Mauraz VD",
5489,13.9,13.9,86.1,"Mex VD",
5490,43,43,57,"Moiry VD",
5491,65.8,65.8,34.2,"Mont-la-Ville VD",
5492,51.2,51.2,48.8,"Montricher VD",
5493,79,79,21,"Orny VD",
5495,62,62,38,"Penthalaz VD",
5496,63.8,63.8,36.2,"Penthaz VD",
5497,44.5,44.5,55.5,"Pompaples VD",
5498,75.6,75.6,24.4,"La Sarraz VD",
5499,69.3,69.3,30.7,"Senarclens VD",
5501,74.4,74.4,25.6,"Sullens VD",
5503,91,91,9,"Vufflens-la-Ville VD",
5511,11.5,11.5,88.5,"Assens VD",
5512,36,36,64,"Bercher VD",
5514,84.2,84.2,15.8,"Bottens VD",
5515,48.4,48.4,51.6,"Bretigny-sur-Morrens VD",
5516,74.2,74.2,25.8,"Cugy VD",
5518,97.3,97.3,2.7,"Echallens VD",
5520,32.1,32.1,67.9,"Essertines-sur-Yverdon VD",
5521,62.2,62.2,37.8,"Etagnières VD",
5522,36.7,36.7,63.3,"Fey VD",
5523,16.7,16.7,83.3,"Froideville VD",
5527,63.1,63.1,36.9,"Morrens VD",
5529,53.8,53.8,46.2,"Oulens-sous-Echallens VD",
5530,65.3,65.3,34.7,"Pailly VD",
5531,47.3,47.3,52.7,"Penthéréaz VD",
5533,94.9,94.9,5.1,"Poliez-Pittet VD",
5534,40.3,40.3,59.7,"Rueyres VD",
5535,5.6,5.6,94.4,"Saint-Barthélemy VD",
5537,32,32,68,"Villars-le-Terroir VD",
5539,88.5,88.5,11.5,"Vuarrens VD",
5540,91.3,91.3,8.7,"Montilliez VD",
5541,52.4,52.4,47.6,"Goumoëns VD",
5551,22,22,78,"Bonvillars VD",
5552,8.2,8.2,91.8,"Bullet VD",
5553,78.5,78.5,21.5,"Champagne VD",
5554,2.7,2.7,97.3,"Concise VD",
5555,86.1,86.1,13.9,"Corcelles-près-Concise VD",
5556,52,52,48,"Fiez VD",
5557,29.7,29.7,70.3,"Fontaines-sur-Grandson VD",
5559,2.8,2.8,97.2,"Giez VD",
5560,85.2,85.2,14.8,"Grandevent VD",
5561,58.3,58.3,41.7,"Grandson VD",
5562,47.4,47.4,52.6,"Mauborget VD",
5563,62.8,62.8,37.2,"Mutrux VD",
5564,5.6,5.6,94.4,"Novalles VD",
5565,76.9,76.9,23.1,"Onnens VD",
5566,56.3,56.3,43.7,"Provence VD",
5568,32.1,32.1,67.9,"Sainte-Croix VD",
5571,44.3,44.3,55.7,"Tévenon VD",
5581,23.5,23.5,76.5,"Belmont-sur-Lausanne VD",
5582,18.3,18.3,81.7,"Cheseaux-sur-Lausanne VD",
5583,82.8,82.8,17.2,"Crissier VD",
5584,49.1,49.1,50.9,"Epalinges VD",
5585,44.9,44.9,55.1,"Jouxtens-Mézery VD",
5586,47.4,47.4,52.6,"Lausanne VD",
5587,47.7,47.7,52.3,"Le Mont-sur-Lausanne VD",
5588,12,12,88,"Paudex VD",
5589,32,32,68,"Prilly VD",
5590,58.4,58.4,41.6,"Pully VD",
5591,53.6,53.6,46.4,"Renens VD",
5592,93.9,93.9,6.1,"Romanel-sur-Lausanne VD",
5601,99.2,99.2,0.8,"Chexbres VD",
5604,58.3,58.3,41.7,"Forel (Lavaux) VD",
5606,67.4,67.4,32.6,"Lutry VD",
5607,59.1,59.1,40.9,"Puidoux VD",
5609,70.1,70.1,29.9,"Rivaz VD",
5610,96.9,96.9,3.1,"Saint-Saphorin (Lavaux) VD",
5611,52.4,52.4,47.6,"Savigny VD",
5613,56.5,56.5,43.5,"Bourg-en-Lavaux VD",
5621,35,35,65,"Aclens VD",
5622,41.9,41.9,58.1,"Bremblens VD",
5623,56.7,56.7,43.3,"Buchillon VD",
5624,56.6,56.6,43.4,"Bussigny VD",
5627,6,6,94,"Chavannes-près-Renens VD",
5628,30.1,30.1,69.9,"Chigny VD",
5629,69,69,31,"Clarmont VD",
5631,52.1,52.1,47.9,"Denens VD",
5632,63.4,63.4,36.6,"Denges VD",
5633,13.9,13.9,86.1,"Echandens VD",
5634,6.7,6.7,93.3,"Echichens VD",
5635,88.4,88.4,11.6,"Ecublens VD",
5636,16.5,16.5,83.5,"Etoy VD",
5637,35.4,35.4,64.6,"Lavigny VD",
5638,28.9,28.9,71.1,"Lonay VD",
5639,38.1,38.1,61.9,"Lully VD",
5640,87.2,87.2,12.8,"Lussy-sur-Morges VD",
5642,76.1,76.1,23.9,"Morges VD",
5643,40.6,40.6,59.4,"Préverenges VD",
5645,37.3,37.3,62.7,"Romanel-sur-Morges VD",
5646,56.6,56.6,43.4,"Saint-Prex VD",
5648,45.4,45.4,54.6,"Saint-Sulpice VD",
5649,26.9,26.9,73.1,"Tolochenaz VD",
5650,51.9,51.9,48.1,"Vaux-sur-Morges VD",
5651,84.3,84.3,15.7,"Villars-Sainte-Croix VD",
5652,41.4,41.4,58.6,"Villars-sous-Yens VD",
5653,23,23,77,"Vufflens-le-Château VD",
5654,79.8,79.8,20.2,"Vullierens VD",
5655,43.1,43.1,56.9,"Yens VD",
5656,14.9,14.9,85.1,"Hautemorges VD",
5661,19.6,19.6,80.4,"Boulens VD",
5663,6.5,6.5,93.5,"Bussy-sur-Moudon VD",
5665,39.5,39.5,60.5,"Chavannes-sur-Moudon VD",
5669,27.8,27.8,72.2,"Curtilles VD",
5671,34,34,66,"Dompierre VD",
5673,50.7,50.7,49.3,"Hermenches VD",
5674,76.3,76.3,23.7,"Lovatens VD",
5675,56.7,56.7,43.3,"Lucens VD",
5678,60.7,60.7,39.3,"Moudon VD",
5680,48,48,52,"Ogens VD",
5683,63,63,37,"Prévonloup VD",
5684,47.7,47.7,52.3,"Rossenges VD",
5688,3,3,97,"Syens VD",
5690,62.7,62.7,37.3,"Villars-le-Comte VD",
5692,15.3,15.3,84.7,"Vucherens VD",
5693,83.9,83.9,16.1,"Montanaire VD",
5701,37.8,37.8,62.2,"Arnex-sur-Nyon VD",
5702,88.3,88.3,11.7,"Arzier-Le Muids VD",
5703,30.2,30.2,69.8,"Bassins VD",
5704,46.6,46.6,53.4,"Begnins VD",
5705,55.5,55.5,44.5,"Bogis-Bossey VD",
5706,55.6,55.6,44.4,"Borex VD",
5707,89.2,89.2,10.8,"Chavannes-de-Bogis VD",
5708,65.1,65.1,34.9,"Chavannes-des-Bois VD",
5709,40.6,40.6,59.4,"Chéserex VD",
5710,63.6,63.6,36.4,"Coinsins VD",
5711,52.6,52.6,47.4,"Commugny VD",
5712,77.6,77.6,22.4,"Coppet VD",
5713,50.2,50.2,49.8,"Crans-près-Céligny VD",
5714,11.3,11.3,88.7,"Crassier VD",
5715,30.6,30.6,69.4,"Duillier VD",
5716,24.7,24.7,75.3,"Eysins VD",
5717,27.7,27.7,72.3,"Founex VD",
5718,97.8,97.8,2.2,"Genolier VD",
5719,66.4,66.4,33.6,"Gingins VD",
5720,52.3,52.3,47.7,"Givrins VD",
5721,49.7,49.7,50.3,"Gland VD",
5722,32.5,32.5,67.5,"Grens VD",
5723,69.8,69.8,30.2,"Mies VD",
5724,74.1,74.1,25.9,"Nyon VD",
5725,95,95,5,"Prangins VD",
5726,46.8,46.8,53.2,"La Rippe VD",
5727,30.2,30.2,69.8,"Saint-Cergue VD",
5728,42.9,42.9,57.1,"Signy-Avenex VD",
5729,56.9,56.9,43.1,"Tannay VD",
5730,42.3,42.3,57.7,"Trélex VD",
5731,71.8,71.8,28.2,"Le Vaud VD",
5732,12,12,88,"Vich VD",
5741,45.3,45.3,54.7,"L'Abergement VD",
5742,39.4,39.4,60.6,"Agiez VD",
5743,25.7,25.7,74.3,"Arnex-sur-Orbe VD",
5744,21.6,21.6,78.4,"Ballaigues VD",
5745,37.1,37.1,62.9,"Baulmes VD",
5746,43.2,43.2,56.8,"Bavois VD",
5747,90.5,90.5,9.5,"Bofflens VD",
5748,50.3,50.3,49.7,"Bretonnières VD",
5749,48.8,48.8,51.2,"Chavornay VD",
5750,95.6,95.6,4.4,"Les Clées VD",
5752,50.9,50.9,49.1,"Croy VD",
5754,22.1,22.1,77.9,"Juriens VD",
5755,59.5,59.5,40.5,"Lignerolle VD",
5756,5.1,5.1,94.9,"Montcherand VD",
5757,81.8,81.8,18.2,"Orbe VD",
5758,20.3,20.3,79.7,"La Praz VD",
5759,52.8,52.8,47.2,"Premier VD",
5760,71,71,29,"Rances VD",
5761,51,51,49,"Romainmôtier-Envy VD",
5762,76.7,76.7,23.3,"Sergey VD",
5763,65.7,65.7,34.3,"Valeyres-sous-Rances VD",
5764,47.2,47.2,52.8,"Vallorbe VD",
5765,88.5,88.5,11.5,"Vaulion VD",
5766,48.4,48.4,51.6,"Vuiteboeuf VD",
5785,36.5,36.5,63.5,"Corcelles-le-Jorat VD",
5790,64.9,64.9,35.1,"Maracon VD",
5792,51.4,51.4,48.6,"Montpreveyres VD",
5798,15.8,15.8,84.2,"Ropraz VD",
5799,69.2,69.2,30.8,"Servion VD",
5803,51.8,51.8,48.2,"Vulliens VD",
5804,74,74,26,"Jorat-Menthue VD",
5805,46.8,46.8,53.2,"Oron VD",
5806,90.3,90.3,9.7,"Jorat-Mézières VD",
5812,68.9,68.9,31.1,"Champtauroz VD",
5813,59.6,59.6,40.4,"Chevroux VD",
5816,32.9,32.9,67.1,"Corcelles-près-Payerne VD",
5817,61.4,61.4,38.6,"Grandcour VD",
5819,29.9,29.9,70.1,"Henniez VD",
5821,57,57,43,"Missy VD",
5822,67.8,67.8,32.2,"Payerne VD",
5827,58.9,58.9,41.1,"Trey VD",
5828,11.1,11.1,88.9,"Treytorrens (Payerne) VD",
5830,47.6,47.6,52.4,"Villarzel VD",
5831,12.2,12.2,87.8,"Valbroye VD",
5841,99.9,99.9,0.1,"Château-d'Oex VD",
5842,53.1,53.1,46.9,"Rossinière VD",
5843,53.9,53.9,46.1,"Rougemont VD",
5851,47.7,47.7,52.3,"Allaman VD",
5852,10.9,10.9,89.1,"Bursinel VD",
5853,54.3,54.3,45.7,"Bursins VD",
5854,73.8,73.8,26.2,"Burtigny VD",
5855,43.9,43.9,56.1,"Dully VD",
5856,39.2,39.2,60.8,"Essertines-sur-Rolle VD",
5857,35.1,35.1,64.9,"Gilly VD",
5858,79.1,79.1,20.9,"Luins VD",
5859,29.7,29.7,70.3,"Mont-sur-Rolle VD",
5860,90.1,90.1,9.9,"Perroy VD",
5861,82.7,82.7,17.3,"Rolle VD",
5862,13.9,13.9,86.1,"Tartegnin VD",
5863,49.8,49.8,50.2,"Vinzel VD",
5871,13.2,13.2,86.8,"L'Abbaye VD",
5872,30.2,30.2,69.8,"Le Chenit VD",
5873,83.6,83.6,16.4,"Le Lieu VD",
5882,45.7,45.7,54.3,"Chardonne VD",
5883,39.4,39.4,60.6,"Corseaux VD",
5884,32.5,32.5,67.5,"Corsier-sur-Vevey VD",
5885,1.2,1.2,98.8,"Jongny VD",
5886,18.9,18.9,81.1,"Montreux VD",
5889,65.3,65.3,34.7,"La Tour-de-Peilz VD",
5890,54.3,54.3,45.7,"Vevey VD",
5891,45,45,55,"Veytaux VD",
5892,73.3,73.3,26.7,"Blonay-Saint-Légier VD",
5902,59.3,59.3,40.7,"Belmont-sur-Yverdon VD",
5903,56.6,56.6,43.4,"Bioley-Magnoux VD",
5904,9.1,9.1,90.9,"Chamblon VD",
5905,36.5,36.5,63.5,"Champvent VD",
5907,43,43,57,"Chavannes-le-Chêne VD",
5908,84.5,84.5,15.5,"Chêne-Pâquier VD",
5909,43,43,57,"Cheseaux-Noréaz VD",
5910,45.2,45.2,54.8,"Cronay VD",
5911,61.3,61.3,38.7,"Cuarny VD",
5912,69.1,69.1,30.9,"Démoret VD",
5913,4.3,4.3,95.7,"Donneloye VD",
5914,75.4,75.4,24.6,"Ependes VD",
5919,25.5,25.5,74.5,"Mathod VD",
5921,32.3,32.3,67.7,"Molondin VD",
5922,50.4,50.4,49.6,"Montagny-près-Yverdon VD",
5923,11.6,11.6,88.4,"Oppens VD",
5924,86.3,86.3,13.7,"Orges VD",
5925,38.7,38.7,61.3,"Orzens VD",
5926,36.9,36.9,63.1,"Pomy VD",
5928,57.7,57.7,42.3,"Rovray VD",
5929,34.5,34.5,65.5,"Suchy VD",
5930,69.8,69.8,30.2,"Suscévaz VD",
5931,48.4,48.4,51.6,"Treycovagnes VD",
5932,16.6,16.6,83.4,"Ursins VD",
5933,40.4,40.4,59.6,"Valeyres-sous-Montagny VD",
5934,45.2,45.2,54.8,"Valeyres-sous-Ursins VD",
5935,95.1,95.1,4.9,"Villars-Epeney VD",
5937,11.6,11.6,88.4,"Vugelles-La Mothe VD",
5938,10.7,10.7,89.3,"Yverdon-les-Bains VD",
5939,38.8,38.8,61.2,"Yvonand VD",
