"ID","Gemeinde_color","Ja_Stimmen_In_Prozent","Nein_Stimmen_In_Prozent","Gemeinde_fr","Text_fr"
1,54.7,54.7,45.3,"Aeugst am Albis (ZH)",
2,80.3,80.3,19.7,"Affoltern am Albis (ZH)",
3,59.9,59.9,40.1,"Bonstetten (ZH)",
4,4,4,96,"Hausen am Albis (ZH)",
5,59.6,59.6,40.4,"Hedingen (ZH)",
6,50.8,50.8,49.2,"Kappel am Albis (ZH)",
7,5.3,5.3,94.7,"Knonau (ZH)",
8,55.6,55.6,44.4,"Maschwanden (ZH)",
9,87,87,13,"Mettmenstetten (ZH)",
10,15.2,15.2,84.8,"Obfelden (ZH)",
11,86.2,86.2,13.8,"Ottenbach (ZH)",
12,56.8,56.8,43.2,"Rifferswil (ZH)",
13,52.7,52.7,47.3,"Stallikon (ZH)",
14,68.7,68.7,31.3,"Wettswil am Albis (ZH)",
22,52.7,52.7,47.3,"Benken (ZH)",
23,51.6,51.6,48.4,"Berg am Irchel (ZH)",
24,60.9,60.9,39.1,"Buch am Irchel (ZH)",
25,61.5,61.5,38.5,"Dachsen (ZH)",
26,39.3,39.3,60.7,"Dorf (ZH)",
27,2.2,2.2,97.8,"Feuerthalen (ZH)",
28,64.9,64.9,35.1,"Flaach (ZH)",
29,96.3,96.3,3.7,"Flurlingen (ZH)",
31,65.6,65.6,34.4,"Henggart (ZH)",
33,33.6,33.6,66.4,"Kleinandelfingen (ZH)",
34,0.8,0.8,99.2,"Laufen-Uhwiesen (ZH)",
35,37.8,37.8,62.2,"Marthalen (ZH)",
37,9.9,9.9,90.1,"Ossingen (ZH)",
38,58,58,42,"Rheinau (ZH)",
39,46.1,46.1,53.9,"Thalheim an der Thur (ZH)",
40,84,84,16,"Trüllikon (ZH)",
41,65.1,65.1,34.9,"Truttikon (ZH)",
43,12.7,12.7,87.3,"Volken (ZH)",
51,53.2,53.2,46.8,"Bachenbülach (ZH)",
52,77.4,77.4,22.6,"Bassersdorf (ZH)",
53,92.1,92.1,7.9,"Bülach (ZH)",
54,36.9,36.9,63.1,"Dietlikon (ZH)",
55,11.7,11.7,88.3,"Eglisau (ZH)",
56,51.1,51.1,48.9,"Embrach (ZH)",
57,43.4,43.4,56.6,"Freienstein-Teufen (ZH)",
58,53.9,53.9,46.1,"Glattfelden (ZH)",
59,34.6,34.6,65.4,"Hochfelden (ZH)",
60,42.9,42.9,57.1,"Höri (ZH)",
61,63.2,63.2,36.8,"Hüntwangen (ZH)",
62,34,34,66,"Kloten (ZH)",
63,37,37,63,"Lufingen (ZH)",
64,60.7,60.7,39.3,"Nürensdorf (ZH)",
65,51,51,49,"Oberembrach (ZH)",
66,27,27,73,"Opfikon (ZH)",
67,29.4,29.4,70.6,"Rafz (ZH)",
68,72.1,72.1,27.9,"Rorbas (ZH)",
69,30,30,70,"Wallisellen (ZH)",
70,35.5,35.5,64.5,"Wasterkingen (ZH)",
71,81.7,81.7,18.3,"Wil (ZH)",
72,48.8,48.8,51.2,"Winkel (ZH)",
81,79.1,79.1,20.9,"Bachs (ZH)",
82,58.7,58.7,41.3,"Boppelsen (ZH)",
83,30.3,30.3,69.7,"Buchs (ZH)",
84,46.7,46.7,53.3,"Dällikon (ZH)",
85,75.1,75.1,24.9,"Dänikon (ZH)",
86,39.2,39.2,60.8,"Dielsdorf (ZH)",
87,4.1,4.1,95.9,"Hüttikon (ZH)",
88,19.6,19.6,80.4,"Neerach (ZH)",
89,9.1,9.1,90.9,"Niederglatt (ZH)",
90,68.6,68.6,31.4,"Niederhasli (ZH)",
91,74,74,26,"Niederweningen (ZH)",
92,93.4,93.4,6.6,"Oberglatt (ZH)",
93,30.2,30.2,69.8,"Oberweningen (ZH)",
94,65.5,65.5,34.5,"Otelfingen (ZH)",
95,30.2,30.2,69.8,"Regensberg (ZH)",
96,63.7,63.7,36.3,"Regensdorf (ZH)",
97,96.4,96.4,3.6,"Rümlang (ZH)",
98,4.5,4.5,95.5,"Schleinikon (ZH)",
99,56.2,56.2,43.8,"Schöfflisdorf (ZH)",
100,78.7,78.7,21.3,"Stadel (ZH)",
101,16.3,16.3,83.7,"Steinmaur (ZH)",
102,93.2,93.2,6.8,"Weiach (ZH)",
111,45.9,45.9,54.1,"Bäretswil (ZH)",
112,96.5,96.5,3.5,"Bubikon (ZH)",
113,46.1,46.1,53.9,"Dürnten (ZH)",
114,95.8,95.8,4.2,"Fischenthal (ZH)",
115,67,67,33,"Gossau (ZH)",
116,39.2,39.2,60.8,"Grüningen (ZH)",
117,59.2,59.2,40.8,"Hinwil (ZH)",
118,57.3,57.3,42.7,"Rüti (ZH)",
119,68.4,68.4,31.6,"Seegräben (ZH)",
120,33,33,67,"Wald (ZH)",
121,29.9,29.9,70.1,"Wetzikon (ZH)",
131,41,41,59,"Adliswil (ZH)",
135,44.5,44.5,55.5,"Kilchberg (ZH)",
136,86.7,86.7,13.3,"Langnau am Albis (ZH)",
137,36.3,36.3,63.7,"Oberrieden (ZH)",
138,45.1,45.1,54.9,"Richterswil (ZH)",
139,36.5,36.5,63.5,"Rüschlikon (ZH)",
141,60.5,60.5,39.5,"Thalwil (ZH)",
151,64.2,64.2,35.8,"Erlenbach (ZH)",
152,18.7,18.7,81.3,"Herrliberg (ZH)",
153,63.2,63.2,36.8,"Hombrechtikon (ZH)",
154,43,43,57,"Küsnacht (ZH)",
155,6.3,6.3,93.7,"Männedorf (ZH)",
156,37.3,37.3,62.7,"Meilen (ZH)",
157,54.8,54.8,45.2,"Oetwil am See (ZH)",
158,82.6,82.6,17.4,"Stäfa (ZH)",
159,80.4,80.4,19.6,"Uetikon am See (ZH)",
160,19,19,81,"Zumikon (ZH)",
161,67.3,67.3,32.7,"Zollikon (ZH)",
172,66.8,66.8,33.2,"Fehraltorf (ZH)",
173,8.3,8.3,91.7,"Hittnau (ZH)",
176,8,8,92,"Lindau (ZH)",
177,28.9,28.9,71.1,"Pfäffikon (ZH)",
178,40.4,40.4,59.6,"Russikon (ZH)",
180,32.6,32.6,67.4,"Weisslingen (ZH)",
181,59.7,59.7,40.3,"Wila (ZH)",
182,15.2,15.2,84.8,"Wildberg (ZH)",
191,86.6,86.6,13.4,"Dübendorf (ZH)",
192,20.7,20.7,79.3,"Egg (ZH)",
193,19.1,19.1,80.9,"Fällanden (ZH)",
194,49.7,49.7,50.3,"Greifensee (ZH)",
195,56.4,56.4,43.6,"Maur (ZH)",
196,54.3,54.3,45.7,"Mönchaltorf (ZH)",
197,54.2,54.2,45.8,"Schwerzenbach (ZH)",
198,98,98,2,"Uster (ZH)",
199,9.4,9.4,90.6,"Volketswil (ZH)",
200,25.2,25.2,74.8,"Wangen-Brüttisellen (ZH)",
211,66.6,66.6,33.4,"Altikon (ZH)",
213,87.8,87.8,12.2,"Brütten (ZH)",
214,47.8,47.8,52.2,"Dägerlen (ZH)",
215,2.4,2.4,97.6,"Dättlikon (ZH)",
216,54.4,54.4,45.6,"Dinhard (ZH)",
218,15.3,15.3,84.7,"Ellikon an der Thur (ZH)",
219,92.9,92.9,7.1,"Elsau (ZH)",
220,94.1,94.1,5.9,"Hagenbuch (ZH)",
221,2.7,2.7,97.3,"Hettlingen (ZH)",
223,85.6,85.6,14.4,"Neftenbach (ZH)",
224,38.4,38.4,61.6,"Pfungen (ZH)",
225,35.7,35.7,64.3,"Rickenbach (ZH)",
226,14.5,14.5,85.5,"Schlatt (ZH)",
227,35.1,35.1,64.9,"Seuzach (ZH)",
228,50.8,50.8,49.2,"Turbenthal (ZH)",
230,19.9,19.9,80.1,"Winterthour (ZH)",
231,71.7,71.7,28.3,"Zell (ZH)",
241,49.2,49.2,50.8,"Aesch (ZH)",
242,89.2,89.2,10.8,"Birmensdorf (ZH)",
243,42.7,42.7,57.3,"Dietikon (ZH)",
244,73.5,73.5,26.5,"Geroldswil (ZH)",
245,29.6,29.6,70.4,"Oberengstringen (ZH)",
246,71.3,71.3,28.7,"Oetwil an der Limmat (ZH)",
247,45.2,45.2,54.8,"Schlieren (ZH)",
248,52.9,52.9,47.1,"Uitikon (ZH)",
249,65.6,65.6,34.4,"Unterengstringen (ZH)",
250,86.3,86.3,13.7,"Urdorf (ZH)",
251,38,38,62,"Weiningen (ZH)",
261,26.6,26.6,73.4,"Zurich (ZH)",
291,34.5,34.5,65.5,"Andelfingen (ZH)",
292,57.8,57.8,42.2,"Stammheim (ZH)",
293,70.3,70.3,29.7,"Wädenswil (ZH)",
294,33.7,33.7,66.3,"Elgg (ZH)",
295,58.6,58.6,41.4,"Horgen (ZH)",
296,99.5,99.5,0.5,"Illnau-Effretikon (ZH)",
297,72,72,28,"Bauma (ZH)",
298,27.8,27.8,72.2,"Wiesendangen (ZH)",
